               epoch,      train/box_loss,      train/obj_loss,      train/cls_loss,   metrics/precision,      metrics/recall,     metrics/mAP_0.5,metrics/mAP_0.5:0.95,        val/box_loss,        val/obj_loss,        val/cls_loss,               x/lr0,               x/lr1,               x/lr2
                   0,             0.11556,            0.074397,                   0,           0.0017698,            0.042639,           0.0008316,          0.00018972,             0.10399,            0.086589,                   0,           0.0032804,           0.0032804,            0.070476
                   1,             0.10905,            0.078565,                   0,           0.0015509,            0.038432,          0.00079823,          0.00017147,             0.10575,            0.083629,                   0,           0.0065919,           0.0065919,            0.040454
                   2,             0.10737,            0.081805,                   0,            0.001917,            0.054685,           0.0010219,          0.00023809,             0.10368,            0.085815,                   0,           0.0098814,           0.0098814,            0.010411
                   3,             0.10619,            0.079424,                   0,            0.015316,            0.016635,            0.003523,          0.00072762,             0.10305,            0.085918,                   0,            0.009901,            0.009901,            0.009901
                   4,             0.10246,            0.078569,                   0,            0.057165,            0.030784,           0.0075214,           0.0014711,             0.10225,             0.12071,                   0,            0.009901,            0.009901,            0.009901
                   5,            0.098516,            0.075344,                   0,            0.026915,            0.023136,           0.0086762,           0.0016964,            0.098558,             0.14537,                   0,            0.009868,            0.009868,            0.009868
                   6,            0.095974,            0.076277,                   0,            0.078159,            0.032505,            0.013305,           0.0022591,             0.09795,              0.1404,                   0,            0.009835,            0.009835,            0.009835
                   7,            0.093081,            0.071568,                   0,            0.025453,            0.016061,            0.007052,           0.0018526,            0.093903,             0.10416,                   0,            0.009802,            0.009802,            0.009802
                   8,             0.09135,            0.069763,                   0,             0.12216,             0.13671,            0.051201,            0.012483,            0.089219,            0.073899,                   0,            0.009769,            0.009769,            0.009769
                   9,            0.089713,            0.070749,                   0,              0.1675,             0.17686,            0.077548,            0.018123,            0.086379,             0.07524,                   0,            0.009736,            0.009736,            0.009736
                  10,            0.087231,            0.069043,                   0,             0.13638,              0.1673,            0.066325,            0.014288,            0.087242,            0.069598,                   0,            0.009703,            0.009703,            0.009703
                  11,            0.086324,            0.070108,                   0,             0.20442,              0.2239,             0.11351,            0.026477,            0.082064,            0.070874,                   0,             0.00967,             0.00967,             0.00967
                  12,            0.083381,            0.071443,                   0,             0.21917,             0.22724,             0.12628,            0.030557,            0.081686,            0.072923,                   0,            0.009637,            0.009637,            0.009637
                  13,            0.083222,             0.06789,                   0,             0.24749,             0.26348,             0.15242,             0.03872,            0.079731,            0.072031,                   0,            0.009604,            0.009604,            0.009604
                  14,            0.082302,            0.069189,                   0,             0.29693,             0.25755,             0.17241,            0.046356,            0.078296,            0.071399,                   0,            0.009571,            0.009571,            0.009571
                  15,            0.081377,            0.069179,                   0,             0.27732,             0.29235,             0.18308,            0.050801,            0.077412,            0.071733,                   0,            0.009538,            0.009538,            0.009538
                  16,            0.080967,            0.068229,                   0,            0.045128,            0.079159,            0.018849,           0.0063487,             0.09462,             0.12768,                   0,            0.009505,            0.009505,            0.009505
                  17,            0.079746,            0.068887,                   0,             0.23526,             0.14245,            0.089579,            0.025174,            0.086161,            0.085289,                   0,            0.009472,            0.009472,            0.009472
                  18,            0.079056,            0.069776,                   0,             0.27987,             0.23901,             0.16399,            0.047548,            0.079856,            0.083526,                   0,            0.009439,            0.009439,            0.009439
                  19,            0.078125,            0.070224,                   0,             0.31842,             0.26692,             0.20318,            0.058276,            0.076752,            0.071356,                   0,            0.009406,            0.009406,            0.009406
                  20,            0.078439,            0.067911,                   0,             0.42494,             0.27954,             0.24737,            0.076749,            0.074045,            0.072697,                   0,            0.009373,            0.009373,            0.009373
                  21,            0.077232,             0.06523,                   0,             0.38698,             0.32696,             0.26429,            0.082273,            0.073213,             0.07367,                   0,             0.00934,             0.00934,             0.00934
                  22,            0.075235,            0.065858,                   0,               0.326,             0.31759,             0.21597,            0.067772,            0.074063,            0.087977,                   0,            0.009307,            0.009307,            0.009307
                  23,            0.075002,            0.064894,                   0,              0.3581,             0.24818,             0.20734,            0.060147,            0.077473,            0.070743,                   0,            0.009274,            0.009274,            0.009274
                  24,            0.074987,            0.068843,                   0,             0.34792,             0.31185,             0.24143,            0.074289,            0.073814,            0.068385,                   0,            0.009241,            0.009241,            0.009241
                  25,            0.074524,            0.066216,                   0,             0.42331,             0.32046,             0.28178,            0.094565,            0.071228,            0.068521,                   0,            0.009208,            0.009208,            0.009208
                  26,            0.073377,            0.067329,                   0,             0.46697,             0.32906,             0.31054,             0.10872,            0.070037,            0.069497,                   0,            0.009175,            0.009175,            0.009175
                  27,            0.073719,            0.066652,                   0,             0.48099,             0.31415,              0.2949,            0.098083,            0.072758,              0.0734,                   0,            0.009142,            0.009142,            0.009142
                  28,            0.072713,            0.066377,                   0,              0.4902,             0.33021,             0.31931,             0.11387,            0.070195,             0.07364,                   0,            0.009109,            0.009109,            0.009109
                  29,            0.073537,            0.068571,                   0,             0.43596,             0.29335,             0.27515,            0.098053,            0.071196,             0.07112,                   0,            0.009076,            0.009076,            0.009076
                  30,            0.072253,            0.066008,                   0,              0.4737,             0.33289,             0.32209,              0.1167,            0.069427,            0.068591,                   0,            0.009043,            0.009043,            0.009043
                  31,            0.072557,            0.065993,                   0,             0.46835,             0.33786,             0.31609,             0.10058,            0.071362,            0.069188,                   0,             0.00901,             0.00901,             0.00901
                  32,            0.071979,            0.068219,                   0,             0.49038,             0.33614,             0.33016,              0.1222,            0.069218,            0.069548,                   0,            0.008977,            0.008977,            0.008977
                  33,            0.072255,            0.068047,                   0,             0.47512,             0.34073,             0.33103,             0.11684,             0.07056,            0.068662,                   0,            0.008944,            0.008944,            0.008944
                  34,            0.070012,            0.062859,                   0,             0.52675,             0.34498,             0.35396,             0.12472,            0.068657,            0.068387,                   0,            0.008911,            0.008911,            0.008911
                  35,            0.070724,            0.066009,                   0,             0.54517,             0.32658,             0.34659,             0.12894,            0.068054,            0.068575,                   0,            0.008878,            0.008878,            0.008878
                  36,            0.070919,              0.0644,                   0,             0.50771,             0.34187,             0.34162,             0.12324,            0.069656,            0.067848,                   0,            0.008845,            0.008845,            0.008845
                  37,            0.070166,            0.063726,                   0,             0.52722,             0.34713,             0.34632,             0.13078,            0.067125,            0.067053,                   0,            0.008812,            0.008812,            0.008812
                  38,            0.069794,            0.067126,                   0,             0.52703,             0.36482,              0.3662,             0.14131,            0.066644,            0.066558,                   0,            0.008779,            0.008779,            0.008779
                  39,            0.069792,              0.0645,                   0,             0.56299,             0.35583,             0.37488,             0.13635,            0.068258,            0.067032,                   0,            0.008746,            0.008746,            0.008746
                  40,            0.069007,            0.063036,                   0,             0.52101,              0.3673,             0.37206,             0.13529,            0.068018,            0.066314,                   0,            0.008713,            0.008713,            0.008713
                  41,            0.069008,            0.063247,                   0,              0.5466,             0.37629,             0.38761,             0.15102,            0.065962,            0.065941,                   0,             0.00868,             0.00868,             0.00868
                  42,            0.068254,            0.065906,                   0,             0.53766,              0.3717,             0.37892,             0.13975,            0.067739,            0.066661,                   0,            0.008647,            0.008647,            0.008647
                  43,             0.06785,            0.063439,                   0,             0.47548,              0.3239,             0.31778,             0.11288,            0.071725,            0.069399,                   0,            0.008614,            0.008614,            0.008614
                  44,            0.067663,            0.062184,                   0,             0.54549,              0.3768,             0.38636,              0.1527,            0.065619,            0.066347,                   0,            0.008581,            0.008581,            0.008581
                  45,            0.067754,            0.065492,                   0,             0.55617,             0.37113,             0.38242,             0.14199,            0.067301,            0.066769,                   0,            0.008548,            0.008548,            0.008548
                  46,            0.068282,            0.064313,                   0,             0.52749,             0.38222,             0.38882,             0.15156,            0.065737,            0.065829,                   0,            0.008515,            0.008515,            0.008515
                  47,             0.06704,            0.060951,                   0,             0.55106,             0.38298,             0.39644,             0.15538,            0.065501,            0.066012,                   0,            0.008482,            0.008482,            0.008482
                  48,            0.067547,            0.064447,                   0,             0.55977,             0.38776,             0.40295,             0.15643,            0.065727,            0.066055,                   0,            0.008449,            0.008449,            0.008449
                  49,            0.067179,            0.063394,                   0,             0.58024,             0.37151,             0.40009,             0.15777,            0.065351,            0.066709,                   0,            0.008416,            0.008416,            0.008416
                  50,            0.066173,             0.06316,                   0,             0.58597,             0.38317,             0.41125,             0.16423,            0.064832,             0.06535,                   0,            0.008383,            0.008383,            0.008383
                  51,             0.06596,            0.063478,                   0,             0.54484,             0.37725,             0.38666,             0.14573,             0.06778,            0.066039,                   0,             0.00835,             0.00835,             0.00835
                  52,            0.067991,            0.063343,                   0,             0.51736,             0.37855,             0.37231,              0.1486,            0.066186,            0.067845,                   0,            0.008317,            0.008317,            0.008317
                  53,            0.066246,            0.063041,                   0,             0.58504,             0.38757,             0.40874,             0.16301,            0.065296,            0.065345,                   0,            0.008284,            0.008284,            0.008284
                  54,            0.065664,             0.06192,                   0,             0.52699,             0.41663,             0.41273,               0.167,            0.064888,            0.066709,                   0,            0.008251,            0.008251,            0.008251
                  55,            0.066081,            0.064026,                   0,              0.5942,             0.38889,             0.42199,              0.1717,            0.064357,            0.064961,                   0,            0.008218,            0.008218,            0.008218
                  56,            0.065379,            0.062731,                   0,             0.60298,             0.39388,             0.42428,             0.17519,            0.063848,            0.066067,                   0,            0.008185,            0.008185,            0.008185
                  57,            0.064171,            0.060115,                   0,              0.6012,             0.39101,             0.41699,             0.17296,            0.064782,             0.06612,                   0,            0.008152,            0.008152,            0.008152
                  58,            0.065828,            0.062332,                   0,             0.58072,             0.39713,             0.42386,             0.16917,            0.064287,            0.064813,                   0,            0.008119,            0.008119,            0.008119
                  59,            0.064579,            0.060791,                   0,             0.56212,             0.41825,             0.42808,              0.1762,            0.064079,            0.066126,                   0,            0.008086,            0.008086,            0.008086
                  60,            0.065418,              0.0631,                   0,             0.58227,             0.38528,             0.40836,             0.14444,            0.067852,            0.064701,                   0,            0.008053,            0.008053,            0.008053
                  61,            0.064782,            0.061376,                   0,             0.58558,             0.40707,             0.42953,             0.17616,            0.064192,             0.06434,                   0,             0.00802,             0.00802,             0.00802
                  62,            0.064463,            0.059643,                   0,             0.56165,             0.41033,             0.42743,             0.17473,            0.064313,            0.064824,                   0,            0.007987,            0.007987,            0.007987
                  63,            0.064538,            0.061477,                   0,             0.57546,             0.41683,             0.43665,             0.17517,            0.064012,            0.064776,                   0,            0.007954,            0.007954,            0.007954
                  64,            0.064188,            0.061311,                   0,             0.58616,             0.40325,             0.42972,             0.16782,            0.065223,            0.065837,                   0,            0.007921,            0.007921,            0.007921
                  65,            0.063774,            0.061753,                   0,             0.60767,             0.39062,              0.4231,             0.17377,            0.063629,            0.065447,                   0,            0.007888,            0.007888,            0.007888
                  66,            0.063561,            0.061773,                   0,             0.60613,             0.39254,             0.43327,             0.17803,            0.063878,            0.065179,                   0,            0.007855,            0.007855,            0.007855
                  67,            0.063209,            0.059006,                   0,             0.55672,             0.41453,             0.42583,             0.16435,             0.06475,            0.064539,                   0,            0.007822,            0.007822,            0.007822
                  68,            0.063727,            0.060325,                   0,             0.55935,             0.41042,             0.42692,             0.17854,            0.064188,            0.065772,                   0,            0.007789,            0.007789,            0.007789
                  69,            0.063178,             0.06262,                   0,             0.57794,             0.41606,             0.44258,             0.18401,            0.062967,            0.064271,                   0,            0.007756,            0.007756,            0.007756
                  70,            0.063592,            0.063614,                   0,             0.56995,             0.41511,             0.43206,             0.18254,            0.063392,            0.065169,                   0,            0.007723,            0.007723,            0.007723
                  71,            0.062425,            0.058987,                   0,             0.58694,             0.42954,             0.45359,             0.18587,             0.06304,            0.063948,                   0,             0.00769,             0.00769,             0.00769
                  72,            0.061304,            0.058564,                   0,             0.59715,             0.36941,             0.40393,             0.14539,            0.067495,            0.064419,                   0,            0.007657,            0.007657,            0.007657
                  73,            0.062316,            0.060809,                   0,             0.64626,             0.39369,             0.44055,             0.17927,            0.064312,            0.064968,                   0,            0.007624,            0.007624,            0.007624
                  74,            0.062525,             0.06104,                   0,             0.61271,             0.40897,             0.45076,             0.18632,            0.063178,            0.064629,                   0,            0.007591,            0.007591,            0.007591
                  75,            0.062545,            0.058658,                   0,             0.60637,              0.4153,             0.44467,             0.18434,            0.063845,            0.064444,                   0,            0.007558,            0.007558,            0.007558
                  76,            0.062095,            0.062581,                   0,             0.65989,             0.41625,             0.46268,             0.19169,            0.062511,            0.064147,                   0,            0.007525,            0.007525,            0.007525
                  77,            0.061094,            0.059262,                   0,             0.58585,             0.43423,             0.45579,             0.18835,            0.063277,            0.064423,                   0,            0.007492,            0.007492,            0.007492
                  78,            0.061523,            0.059128,                   0,             0.57955,             0.44168,             0.45351,             0.18958,            0.063047,            0.065594,                   0,            0.007459,            0.007459,            0.007459
                  79,            0.062051,            0.060173,                   0,             0.64891,             0.41453,             0.46158,             0.20026,            0.061575,            0.063975,                   0,            0.007426,            0.007426,            0.007426
                  80,            0.062665,            0.059835,                   0,             0.61127,             0.40249,             0.44538,             0.18239,            0.063587,            0.064122,                   0,            0.007393,            0.007393,            0.007393
                  81,            0.061579,             0.06037,                   0,             0.58615,              0.4283,             0.45328,             0.18207,            0.063281,            0.064404,                   0,             0.00736,             0.00736,             0.00736
                  82,            0.061695,            0.059831,                   0,             0.58353,             0.44044,             0.46226,             0.19461,            0.061996,            0.064182,                   0,            0.007327,            0.007327,            0.007327
                  83,            0.060435,            0.057832,                   0,             0.61316,             0.42562,             0.46009,             0.18946,            0.063694,            0.064179,                   0,            0.007294,            0.007294,            0.007294
                  84,            0.061254,             0.05919,                   0,             0.57537,             0.43461,             0.45256,             0.18342,             0.06278,             0.06482,                   0,            0.007261,            0.007261,            0.007261
                  85,            0.061115,            0.060638,                   0,             0.59181,             0.41893,             0.45062,             0.18317,            0.064044,            0.064068,                   0,            0.007228,            0.007228,            0.007228
                  86,            0.060271,            0.059161,                   0,             0.62175,             0.41663,             0.45634,             0.19673,            0.062374,            0.064543,                   0,            0.007195,            0.007195,            0.007195
                  87,            0.060027,            0.059443,                   0,             0.60914,             0.42639,              0.4614,             0.19482,            0.062896,            0.063697,                   0,            0.007162,            0.007162,            0.007162
                  88,            0.061099,            0.060618,                   0,             0.60509,              0.4262,             0.45785,              0.1911,             0.06383,             0.06457,                   0,            0.007129,            0.007129,            0.007129
                  89,            0.059601,            0.058148,                   0,             0.61207,             0.43155,             0.46688,             0.19932,            0.061985,            0.064372,                   0,            0.007096,            0.007096,            0.007096
                  90,            0.059453,             0.05742,                   0,             0.65471,             0.41205,              0.4676,             0.20135,            0.061301,            0.064382,                   0,            0.007063,            0.007063,            0.007063
                  91,            0.059183,            0.058726,                   0,             0.64059,             0.41855,             0.46612,             0.19748,            0.061924,            0.065215,                   0,             0.00703,             0.00703,             0.00703
                  92,            0.059278,            0.059671,                   0,             0.61235,             0.43078,             0.46625,             0.19141,            0.062295,            0.063854,                   0,            0.006997,            0.006997,            0.006997
                  93,            0.060434,            0.060696,                   0,              0.6134,              0.4478,             0.47659,             0.20118,            0.061534,            0.064238,                   0,            0.006964,            0.006964,            0.006964
                  94,            0.059177,            0.057147,                   0,              0.6335,             0.42887,              0.4727,             0.20265,            0.061846,            0.064014,                   0,            0.006931,            0.006931,            0.006931
                  95,            0.059654,            0.058152,                   0,             0.61565,             0.43958,             0.47177,             0.19702,            0.062034,            0.064556,                   0,            0.006898,            0.006898,            0.006898
                  96,            0.059239,            0.057759,                   0,             0.58531,             0.44149,             0.46679,             0.20159,            0.061483,              0.0639,                   0,            0.006865,            0.006865,            0.006865
                  97,            0.059188,             0.05767,                   0,             0.65297,             0.42428,             0.47449,             0.20198,            0.062116,            0.063957,                   0,            0.006832,            0.006832,            0.006832
                  98,            0.058956,            0.059088,                   0,             0.59388,             0.44971,             0.46749,             0.20062,            0.062013,            0.064976,                   0,            0.006799,            0.006799,            0.006799
                  99,            0.059599,            0.058261,                   0,             0.60827,             0.43078,             0.46622,             0.19681,            0.062974,            0.064556,                   0,            0.006766,            0.006766,            0.006766
                 100,            0.058892,            0.057319,                   0,             0.62441,             0.42308,             0.46694,             0.19717,            0.062578,            0.063722,                   0,            0.006733,            0.006733,            0.006733
                 101,            0.059164,            0.058872,                   0,             0.59639,             0.45277,              0.4779,             0.20233,            0.062604,            0.063754,                   0,              0.0067,              0.0067,              0.0067
                 102,            0.058511,            0.058071,                   0,             0.63893,             0.42352,             0.46821,             0.19857,            0.062431,            0.063921,                   0,            0.006667,            0.006667,            0.006667
                 103,            0.058187,            0.057123,                   0,             0.60371,             0.43862,             0.47117,             0.20583,            0.061136,            0.064552,                   0,            0.006634,            0.006634,            0.006634
                 104,            0.058416,             0.05622,                   0,             0.61809,             0.41127,             0.44917,             0.18339,            0.063859,            0.064467,                   0,            0.006601,            0.006601,            0.006601
                 105,             0.05805,            0.060605,                   0,             0.60407,             0.44264,             0.47702,              0.2097,            0.061706,            0.064121,                   0,            0.006568,            0.006568,            0.006568
                 106,            0.057861,            0.056581,                   0,             0.63729,             0.42543,             0.46844,             0.20546,            0.061308,            0.064391,                   0,            0.006535,            0.006535,            0.006535
                 107,            0.057701,            0.056748,                   0,             0.65999,             0.42906,             0.47632,             0.20741,            0.061733,            0.064351,                   0,            0.006502,            0.006502,            0.006502
                 108,            0.057357,             0.05607,                   0,             0.63689,             0.43595,              0.4794,             0.21122,            0.061323,             0.06456,                   0,            0.006469,            0.006469,            0.006469
                 109,            0.057459,            0.058864,                   0,             0.62115,             0.42948,             0.46541,             0.19456,            0.062553,            0.064442,                   0,            0.006436,            0.006436,            0.006436
                 110,            0.057807,            0.058168,                   0,             0.65948,             0.43996,             0.48803,             0.21433,            0.060888,            0.064424,                   0,            0.006403,            0.006403,            0.006403
                 111,            0.057013,            0.056103,                   0,             0.64338,             0.43633,             0.48236,             0.20652,             0.06257,            0.063715,                   0,             0.00637,             0.00637,             0.00637
                 112,            0.057013,            0.055908,                   0,             0.63599,             0.41071,             0.45771,             0.19261,            0.063397,            0.064799,                   0,            0.006337,            0.006337,            0.006337
                 113,            0.057355,            0.057694,                   0,             0.65985,             0.43212,             0.48748,             0.21282,            0.061223,            0.063933,                   0,            0.006304,            0.006304,            0.006304
                 114,            0.058114,            0.056134,                   0,             0.64147,             0.43996,             0.48261,             0.21104,            0.060729,            0.064333,                   0,            0.006271,            0.006271,            0.006271
                 115,            0.057098,            0.056954,                   0,             0.60718,             0.43977,             0.47194,             0.20315,            0.061666,            0.064722,                   0,            0.006238,            0.006238,            0.006238
                 116,             0.05657,            0.055536,                   0,             0.63554,             0.42792,             0.47342,              0.2059,            0.061621,            0.064775,                   0,            0.006205,            0.006205,            0.006205
                 117,             0.05679,            0.055883,                   0,             0.66706,             0.43021,             0.48659,             0.21377,            0.060798,            0.064181,                   0,            0.006172,            0.006172,            0.006172
                 118,            0.056585,            0.052669,                   0,             0.62771,             0.44799,             0.48535,              0.2108,            0.061328,            0.064526,                   0,            0.006139,            0.006139,            0.006139
                 119,            0.056542,            0.056362,                   0,             0.63552,             0.44665,             0.49053,             0.21775,            0.060409,            0.064113,                   0,            0.006106,            0.006106,            0.006106
                 120,            0.056808,            0.055024,                   0,              0.6146,             0.45067,             0.48107,              0.2059,            0.061315,            0.063309,                   0,            0.006073,            0.006073,            0.006073
                 121,            0.056063,            0.056024,                   0,             0.63417,             0.44813,             0.48713,             0.21531,            0.060741,            0.064695,                   0,             0.00604,             0.00604,             0.00604
                 122,            0.055838,            0.057088,                   0,             0.63079,             0.44015,             0.48035,             0.20599,             0.06201,            0.064026,                   0,            0.006007,            0.006007,            0.006007
                 123,            0.055769,            0.054777,                   0,             0.62885,             0.44512,             0.48356,             0.20436,            0.062495,             0.06386,                   0,            0.005974,            0.005974,            0.005974
                 124,            0.056458,            0.054048,                   0,             0.59497,             0.45276,             0.47728,             0.21041,            0.060963,            0.064617,                   0,            0.005941,            0.005941,            0.005941
                 125,            0.055366,            0.055017,                   0,              0.6689,             0.43499,             0.49044,             0.21429,            0.060787,            0.064547,                   0,            0.005908,            0.005908,            0.005908
                 126,            0.056046,            0.055349,                   0,             0.64665,             0.43059,             0.47641,             0.21135,            0.061269,            0.065561,                   0,            0.005875,            0.005875,            0.005875
                 127,            0.055514,            0.054778,                   0,             0.59735,             0.45354,             0.48044,             0.20545,            0.061685,            0.064163,                   0,            0.005842,            0.005842,            0.005842
                 128,            0.054833,            0.053431,                   0,             0.62161,             0.44257,             0.47914,             0.21452,            0.060764,            0.064606,                   0,            0.005809,            0.005809,            0.005809
                 129,            0.055301,            0.053518,                   0,             0.63109,             0.44255,             0.48067,             0.21043,            0.061284,             0.06469,                   0,            0.005776,            0.005776,            0.005776
                 130,            0.055642,             0.05615,                   0,             0.61872,             0.45163,             0.48482,              0.2042,            0.061681,            0.065317,                   0,            0.005743,            0.005743,            0.005743
                 131,            0.055487,             0.05207,                   0,             0.61561,             0.46117,             0.48719,             0.21484,            0.060408,            0.064771,                   0,             0.00571,             0.00571,             0.00571
                 132,            0.054936,            0.053729,                   0,             0.60295,             0.45644,             0.47936,             0.20863,            0.061664,            0.064819,                   0,            0.005677,            0.005677,            0.005677
                 133,            0.055409,            0.054197,                   0,             0.62966,              0.4392,             0.48356,             0.21174,            0.060732,            0.064468,                   0,            0.005644,            0.005644,            0.005644
                 134,            0.055422,            0.055201,                   0,             0.62855,             0.45966,             0.48829,             0.21621,            0.060847,            0.064264,                   0,            0.005611,            0.005611,            0.005611
                 135,            0.054428,            0.054441,                   0,             0.61778,             0.45832,             0.48822,             0.21558,            0.061318,            0.063953,                   0,            0.005578,            0.005578,            0.005578
                 136,            0.054356,            0.053661,                   0,             0.65986,             0.44264,             0.49111,             0.21611,            0.061585,            0.063623,                   0,            0.005545,            0.005545,            0.005545
                 137,            0.053614,            0.055165,                   0,             0.59814,             0.46769,             0.48606,             0.21408,            0.061226,            0.064658,                   0,            0.005512,            0.005512,            0.005512
                 138,            0.054731,            0.053595,                   0,             0.64056,             0.43786,             0.48131,             0.20396,            0.061489,            0.065107,                   0,            0.005479,            0.005479,            0.005479
                 139,            0.055004,            0.055558,                   0,             0.62163,             0.45583,             0.48431,             0.21316,            0.060882,            0.064196,                   0,            0.005446,            0.005446,            0.005446
                 140,            0.053692,            0.051914,                   0,             0.63772,             0.45258,              0.4905,             0.21411,             0.06088,            0.064504,                   0,            0.005413,            0.005413,            0.005413
                 141,            0.054361,            0.054131,                   0,             0.61259,             0.46673,             0.48574,             0.20927,            0.061338,             0.06499,                   0,             0.00538,             0.00538,             0.00538
                 142,            0.054088,            0.054078,                   0,              0.6722,             0.42811,             0.48089,             0.21366,            0.061366,            0.065347,                   0,            0.005347,            0.005347,            0.005347
                 143,            0.053962,            0.053205,                   0,              0.6178,             0.46558,             0.49649,              0.2181,            0.060658,            0.064171,                   0,            0.005314,            0.005314,            0.005314
                 144,            0.053635,            0.051388,                   0,             0.65445,             0.43901,              0.4893,             0.21342,            0.060669,            0.064621,                   0,            0.005281,            0.005281,            0.005281
                 145,            0.053645,            0.052737,                   0,             0.63742,             0.44952,             0.48482,             0.21147,            0.060917,            0.063952,                   0,            0.005248,            0.005248,            0.005248
                 146,            0.053849,            0.053068,                   0,             0.63748,             0.44971,             0.48595,             0.21789,            0.060691,            0.064411,                   0,            0.005215,            0.005215,            0.005215
                 147,            0.052839,            0.052124,                   0,             0.59548,             0.46463,             0.48743,             0.21758,            0.060768,             0.06484,                   0,            0.005182,            0.005182,            0.005182
                 148,            0.052535,            0.051759,                   0,             0.64432,             0.45999,             0.49423,             0.21941,            0.060686,            0.065038,                   0,            0.005149,            0.005149,            0.005149
                 149,             0.05328,             0.05134,                   0,             0.60457,             0.46334,             0.48649,             0.21297,            0.060697,            0.064442,                   0,            0.005116,            0.005116,            0.005116
                 150,            0.053273,            0.052936,                   0,             0.65782,             0.42945,             0.47955,             0.21232,             0.06131,             0.06519,                   0,            0.005083,            0.005083,            0.005083
                 151,            0.053062,            0.052312,                   0,              0.6691,             0.44245,             0.49557,             0.22133,            0.060897,            0.064446,                   0,             0.00505,             0.00505,             0.00505
                 152,            0.052661,            0.051556,                   0,              0.6319,             0.45813,             0.48807,             0.21644,            0.060946,            0.064183,                   0,            0.005017,            0.005017,            0.005017
                 153,            0.052573,             0.05108,                   0,             0.65505,             0.45449,             0.50112,             0.22512,            0.060163,            0.064057,                   0,            0.004984,            0.004984,            0.004984
                 154,            0.053024,            0.053449,                   0,             0.62723,             0.45927,             0.48662,              0.2174,            0.061077,            0.064836,                   0,            0.004951,            0.004951,            0.004951
                 155,            0.051788,            0.049795,                   0,             0.63235,             0.45946,             0.49211,             0.21572,            0.061017,            0.064804,                   0,            0.004918,            0.004918,            0.004918
                 156,            0.051853,             0.05153,                   0,              0.6764,             0.44264,             0.49017,             0.21806,            0.061423,            0.064165,                   0,            0.004885,            0.004885,            0.004885
                 157,            0.051871,            0.051002,                   0,             0.65848,             0.44436,              0.4901,             0.22003,            0.061021,            0.064536,                   0,            0.004852,            0.004852,            0.004852
                 158,            0.052998,            0.052238,                   0,             0.58663,              0.4782,             0.48319,             0.21444,            0.061145,            0.064336,                   0,            0.004819,            0.004819,            0.004819
                 159,              0.0531,             0.05289,                   0,             0.65853,             0.44895,              0.4991,              0.2225,            0.060636,            0.064146,                   0,            0.004786,            0.004786,            0.004786
                 160,             0.05246,            0.052539,                   0,             0.66664,             0.44149,             0.48979,             0.21883,            0.061169,            0.064468,                   0,            0.004753,            0.004753,            0.004753
                 161,            0.051693,            0.051274,                   0,             0.63203,             0.45124,             0.48252,             0.21222,            0.061954,            0.065253,                   0,             0.00472,             0.00472,             0.00472
                 162,            0.051598,            0.051601,                   0,             0.61797,             0.47075,             0.49593,             0.22227,            0.060694,            0.064323,                   0,            0.004687,            0.004687,            0.004687
                 163,            0.051312,            0.050176,                   0,             0.64226,             0.45583,             0.48992,             0.21771,            0.061292,            0.065466,                   0,            0.004654,            0.004654,            0.004654
                 164,            0.052118,             0.05194,                   0,             0.63252,             0.46329,             0.49417,             0.22345,            0.060633,            0.064623,                   0,            0.004621,            0.004621,            0.004621
                 165,            0.051971,            0.052063,                   0,             0.64778,             0.45621,             0.49604,             0.22145,            0.060521,            0.065115,                   0,            0.004588,            0.004588,            0.004588
                 166,            0.051297,            0.050443,                   0,             0.65941,             0.44264,             0.48829,             0.21881,            0.061262,            0.065188,                   0,            0.004555,            0.004555,            0.004555
                 167,            0.051236,            0.050488,                   0,             0.66775,             0.44742,             0.49933,             0.22547,            0.060462,            0.065133,                   0,            0.004522,            0.004522,            0.004522
                 168,            0.051912,            0.050989,                   0,             0.63546,             0.44952,             0.48916,             0.21441,            0.061865,            0.064587,                   0,            0.004489,            0.004489,            0.004489
                 169,            0.051439,            0.051566,                   0,             0.66857,             0.44187,             0.49454,             0.22294,            0.060985,            0.065206,                   0,            0.004456,            0.004456,            0.004456
                 170,            0.051452,            0.050339,                   0,             0.64342,             0.45748,             0.49341,             0.22345,            0.061204,            0.064905,                   0,            0.004423,            0.004423,            0.004423
                 171,            0.050907,            0.049274,                   0,             0.60684,             0.47662,             0.49364,             0.22012,            0.061235,            0.064994,                   0,             0.00439,             0.00439,             0.00439
                 172,            0.051441,            0.050321,                   0,             0.64715,             0.45239,             0.49501,             0.22231,            0.060726,            0.065678,                   0,            0.004357,            0.004357,            0.004357
                 173,             0.05018,            0.050319,                   0,             0.67914,             0.45105,             0.49823,             0.22634,            0.060556,            0.065214,                   0,            0.004324,            0.004324,            0.004324
                 174,            0.051027,            0.050219,                   0,             0.65144,              0.4566,              0.4945,             0.22822,            0.060447,            0.065638,                   0,            0.004291,            0.004291,            0.004291
                 175,            0.050178,            0.048649,                   0,              0.6459,             0.45296,             0.49028,             0.22137,            0.060847,            0.065472,                   0,            0.004258,            0.004258,            0.004258
                 176,            0.051353,            0.049979,                   0,             0.65157,             0.44493,             0.48656,             0.21726,            0.061412,            0.065697,                   0,            0.004225,            0.004225,            0.004225
                 177,            0.050329,            0.049176,                   0,              0.6383,             0.46868,             0.49585,              0.2277,            0.060255,            0.065623,                   0,            0.004192,            0.004192,            0.004192
                 178,            0.050285,            0.049013,                   0,             0.64364,             0.45813,             0.49131,             0.22083,            0.060854,            0.066347,                   0,            0.004159,            0.004159,            0.004159
                 179,            0.050836,            0.051203,                   0,             0.67742,             0.44493,             0.49468,             0.22761,            0.060677,            0.065965,                   0,            0.004126,            0.004126,            0.004126
                 180,            0.050119,            0.049632,                   0,             0.66173,             0.46156,              0.5003,             0.22665,            0.060531,            0.065612,                   0,            0.004093,            0.004093,            0.004093
                 181,            0.050097,            0.049747,                   0,             0.65067,             0.45507,             0.49663,             0.22968,            0.060487,            0.065838,                   0,             0.00406,             0.00406,             0.00406
                 182,            0.051017,            0.050588,                   0,             0.66646,             0.45067,             0.49958,             0.22372,            0.060794,            0.065005,                   0,            0.004027,            0.004027,            0.004027
                 183,            0.050235,            0.049919,                   0,             0.68834,             0.45048,             0.50205,             0.23155,            0.060429,            0.065618,                   0,            0.003994,            0.003994,            0.003994
                 184,            0.050564,            0.050235,                   0,             0.66314,              0.4457,             0.48719,             0.21645,            0.061256,            0.066115,                   0,            0.003961,            0.003961,            0.003961
                 185,            0.049887,            0.048143,                   0,             0.66734,             0.44359,              0.4869,             0.21703,            0.061306,            0.065957,                   0,            0.003928,            0.003928,            0.003928
                 186,            0.051389,            0.051622,                   0,             0.64248,              0.4631,             0.49783,             0.22543,            0.060915,            0.065753,                   0,            0.003895,            0.003895,            0.003895
                 187,            0.050619,            0.049554,                   0,             0.63922,             0.45736,             0.49127,             0.21686,            0.061333,            0.066068,                   0,            0.003862,            0.003862,            0.003862
                 188,            0.050395,            0.048207,                   0,             0.65749,             0.45239,             0.49117,             0.21857,            0.060964,             0.06579,                   0,            0.003829,            0.003829,            0.003829
                 189,            0.050362,            0.049182,                   0,             0.63776,             0.46018,             0.48965,             0.21976,            0.061535,            0.065937,                   0,            0.003796,            0.003796,            0.003796
                 190,            0.050012,            0.048304,                   0,             0.65171,              0.4576,             0.49485,             0.22175,            0.061092,            0.065734,                   0,            0.003763,            0.003763,            0.003763
                 191,            0.049463,            0.048206,                   0,             0.63011,             0.46904,             0.49634,             0.22532,            0.060655,            0.065332,                   0,             0.00373,             0.00373,             0.00373
                 192,            0.050452,            0.047425,                   0,             0.64943,             0.44493,             0.47998,             0.21339,            0.061652,            0.065911,                   0,            0.003697,            0.003697,            0.003697
                 193,            0.050402,            0.050832,                   0,             0.67903,              0.4486,             0.49528,             0.21922,            0.061329,            0.065809,                   0,            0.003664,            0.003664,            0.003664
                 194,            0.049405,            0.050338,                   0,             0.62694,              0.4761,              0.4966,             0.22308,            0.060831,            0.066147,                   0,            0.003631,            0.003631,            0.003631
                 195,            0.049395,            0.049414,                   0,             0.64432,             0.46195,             0.49183,             0.21945,            0.060954,            0.066263,                   0,            0.003598,            0.003598,            0.003598
                 196,            0.049273,            0.047936,                   0,             0.63662,             0.46998,             0.49279,             0.22037,            0.060781,            0.066315,                   0,            0.003565,            0.003565,            0.003565
                 197,            0.048284,            0.047841,                   0,             0.64508,             0.45182,             0.48741,             0.21361,             0.06195,            0.065495,                   0,            0.003532,            0.003532,            0.003532
                 198,            0.049183,            0.047702,                   0,             0.60167,              0.4696,             0.48173,             0.21169,            0.062307,             0.06644,                   0,            0.003499,            0.003499,            0.003499
                 199,            0.049422,            0.048623,                   0,             0.67338,             0.45163,             0.49723,             0.22424,            0.060999,            0.065769,                   0,            0.003466,            0.003466,            0.003466
                 200,            0.049398,            0.048785,                   0,             0.63038,             0.46616,             0.49457,             0.22085,            0.061191,            0.066456,                   0,            0.003433,            0.003433,            0.003433
                 201,            0.048526,            0.047037,                   0,             0.66498,             0.45923,             0.49947,             0.22315,            0.061148,             0.06589,                   0,              0.0034,              0.0034,              0.0034
                 202,            0.048525,            0.047607,                   0,             0.61134,             0.47897,             0.49337,             0.21724,            0.061874,            0.066132,                   0,            0.003367,            0.003367,            0.003367
                 203,            0.048143,            0.046086,                   0,             0.65979,             0.45583,             0.49162,             0.21683,            0.062125,            0.066751,                   0,            0.003334,            0.003334,            0.003334
                 204,            0.049035,            0.048685,                   0,             0.65943,              0.4478,             0.48946,             0.22203,            0.061235,            0.066891,                   0,            0.003301,            0.003301,            0.003301
                 205,            0.048712,             0.04631,                   0,             0.66674,             0.45827,             0.50378,             0.23044,             0.06062,            0.066115,                   0,            0.003268,            0.003268,            0.003268
                 206,            0.048736,            0.050261,                   0,             0.65498,             0.44857,             0.49495,             0.22704,            0.060643,            0.066496,                   0,            0.003235,            0.003235,            0.003235
                 207,            0.048155,            0.047226,                   0,             0.65865,             0.45488,             0.49145,              0.2173,            0.061792,            0.066864,                   0,            0.003202,            0.003202,            0.003202
                 208,            0.048465,            0.048172,                   0,              0.6732,             0.45182,             0.49386,             0.21938,            0.061168,            0.065999,                   0,            0.003169,            0.003169,            0.003169
                 209,            0.048361,            0.048352,                   0,             0.66479,             0.45736,             0.50149,             0.22858,            0.060514,            0.067634,                   0,            0.003136,            0.003136,            0.003136
                 210,            0.047773,            0.045486,                   0,             0.62708,             0.46577,             0.48913,             0.22161,            0.061326,             0.06684,                   0,            0.003103,            0.003103,            0.003103
                 211,            0.048695,            0.047818,                   0,             0.62764,             0.47699,             0.49519,             0.22567,            0.060733,            0.066877,                   0,             0.00307,             0.00307,             0.00307
                 212,            0.048285,            0.048188,                   0,             0.62115,             0.46883,             0.48792,             0.21867,            0.061656,            0.067083,                   0,            0.003037,            0.003037,            0.003037
                 213,            0.048393,            0.047903,                   0,             0.66779,             0.44723,             0.49185,              0.2229,            0.060643,             0.06655,                   0,            0.003004,            0.003004,            0.003004
                 214,             0.04789,            0.046776,                   0,              0.6909,             0.44149,             0.49336,             0.22239,            0.061014,            0.066552,                   0,            0.002971,            0.002971,            0.002971
                 215,            0.048611,            0.047681,                   0,             0.66271,             0.44518,             0.48637,             0.21649,            0.061691,            0.067097,                   0,            0.002938,            0.002938,            0.002938
                 216,            0.048491,            0.046628,                   0,             0.63836,             0.47228,             0.49841,             0.22587,            0.060647,            0.066675,                   0,            0.002905,            0.002905,            0.002905
                 217,             0.04815,            0.046994,                   0,               0.657,             0.45354,             0.49186,             0.22138,            0.061015,            0.066544,                   0,            0.002872,            0.002872,            0.002872
                 218,            0.047944,            0.047043,                   0,             0.71076,              0.4393,             0.49696,             0.22274,            0.061205,            0.067211,                   0,            0.002839,            0.002839,            0.002839
                 219,            0.047578,            0.047357,                   0,             0.63795,             0.46501,             0.49275,             0.22374,             0.06094,            0.066488,                   0,            0.002806,            0.002806,            0.002806
                 220,            0.048398,            0.046899,                   0,             0.68163,              0.4457,             0.49539,             0.22483,            0.060852,            0.067226,                   0,            0.002773,            0.002773,            0.002773
                 221,            0.047403,            0.047373,                   0,             0.66132,             0.45163,             0.49539,             0.22357,            0.061167,            0.066209,                   0,             0.00274,             0.00274,             0.00274
                 222,            0.047222,            0.046912,                   0,             0.62813,             0.47702,             0.50133,               0.227,            0.060835,            0.066603,                   0,            0.002707,            0.002707,            0.002707
                 223,            0.047225,            0.046241,                   0,             0.65416,             0.45048,             0.49039,              0.2188,            0.061381,            0.066606,                   0,            0.002674,            0.002674,            0.002674
                 224,            0.047512,             0.04683,                   0,             0.64096,             0.46616,             0.49798,             0.22209,            0.061216,            0.066592,                   0,            0.002641,            0.002641,            0.002641
                 225,            0.047541,            0.047212,                   0,             0.64553,             0.47533,             0.50451,             0.22638,            0.060701,            0.066693,                   0,            0.002608,            0.002608,            0.002608
                 226,            0.046823,            0.044992,                   0,             0.65878,             0.45811,             0.50008,             0.22449,            0.061347,            0.067036,                   0,            0.002575,            0.002575,            0.002575
                 227,            0.046832,            0.045667,                   0,             0.63922,             0.46692,             0.49543,             0.22704,            0.060412,            0.066572,                   0,            0.002542,            0.002542,            0.002542
                 228,            0.047096,            0.044768,                   0,             0.65915,             0.44895,             0.48936,             0.21899,            0.061395,            0.067927,                   0,            0.002509,            0.002509,            0.002509
                 229,            0.047776,            0.045719,                   0,             0.61622,             0.47495,             0.49074,             0.21736,            0.061743,            0.067488,                   0,            0.002476,            0.002476,            0.002476
                 230,            0.047118,            0.046714,                   0,             0.67414,             0.44895,             0.49363,             0.22458,            0.060795,            0.067321,                   0,            0.002443,            0.002443,            0.002443
                 231,            0.046808,            0.047108,                   0,             0.64111,             0.46692,             0.49642,             0.22405,            0.060918,            0.067717,                   0,             0.00241,             0.00241,             0.00241
                 232,            0.046019,            0.045243,                   0,             0.65561,             0.45564,             0.49335,             0.22127,            0.061311,            0.067763,                   0,            0.002377,            0.002377,            0.002377
                 233,            0.047597,            0.047316,                   0,             0.68562,             0.44327,             0.49472,             0.22273,            0.061275,            0.067302,                   0,            0.002344,            0.002344,            0.002344
                 234,            0.046655,            0.046117,                   0,             0.66296,             0.45847,              0.4989,             0.22703,            0.060599,            0.067184,                   0,            0.002311,            0.002311,            0.002311
                 235,            0.046606,            0.046632,                   0,             0.66412,             0.45602,             0.49418,             0.22497,            0.060823,            0.067392,                   0,            0.002278,            0.002278,            0.002278
                 236,            0.046963,            0.045819,                   0,             0.64161,             0.46195,             0.49071,             0.22166,            0.061244,            0.067926,                   0,            0.002245,            0.002245,            0.002245
                 237,            0.046993,            0.044999,                   0,             0.67364,             0.45544,              0.4961,             0.22484,            0.061594,            0.067139,                   0,            0.002212,            0.002212,            0.002212
                 238,            0.046782,            0.048005,                   0,             0.66325,             0.45182,             0.49255,             0.22333,            0.061106,            0.067408,                   0,            0.002179,            0.002179,            0.002179
                 239,            0.046498,             0.04699,                   0,             0.66889,             0.45048,             0.49276,             0.22701,            0.060536,            0.067689,                   0,            0.002146,            0.002146,            0.002146
                 240,             0.04682,            0.046349,                   0,             0.65942,             0.45461,             0.49085,             0.22392,            0.061216,            0.068111,                   0,            0.002113,            0.002113,            0.002113
                 241,            0.046226,            0.045008,                   0,             0.62172,              0.4717,             0.49068,             0.22269,            0.061379,            0.067337,                   0,             0.00208,             0.00208,             0.00208
                 242,            0.046412,            0.043358,                   0,             0.64991,             0.46329,             0.49596,             0.22502,            0.061276,             0.06788,                   0,            0.002047,            0.002047,            0.002047
                 243,             0.04589,            0.043837,                   0,             0.65519,             0.45621,             0.49142,             0.22078,            0.061527,            0.067378,                   0,            0.002014,            0.002014,            0.002014
                 244,            0.046063,            0.044706,                   0,             0.65545,             0.45504,             0.49256,             0.22471,            0.061166,            0.067548,                   0,            0.001981,            0.001981,            0.001981
                 245,            0.045644,            0.044815,                   0,             0.66751,             0.45182,              0.4894,             0.22118,            0.061881,            0.067675,                   0,            0.001948,            0.001948,            0.001948
                 246,            0.047046,            0.043712,                   0,             0.65637,             0.45335,              0.4905,             0.22352,            0.061131,             0.06791,                   0,            0.001915,            0.001915,            0.001915
                 247,            0.045914,            0.044343,                   0,             0.64875,             0.46233,               0.494,             0.22661,            0.061029,            0.068137,                   0,            0.001882,            0.001882,            0.001882
                 248,            0.045494,            0.043193,                   0,             0.67105,              0.4505,             0.49128,              0.2221,            0.061328,            0.067724,                   0,            0.001849,            0.001849,            0.001849
                 249,            0.045493,            0.044014,                   0,             0.66359,             0.45908,             0.49624,             0.22582,             0.06111,            0.067611,                   0,            0.001816,            0.001816,            0.001816
                 250,            0.046335,            0.047662,                   0,             0.69007,             0.45086,             0.49862,             0.22607,            0.061479,            0.067455,                   0,            0.001783,            0.001783,            0.001783
                 251,            0.045706,            0.044394,                   0,             0.68192,              0.4499,             0.49501,              0.2265,            0.061271,            0.067338,                   0,             0.00175,             0.00175,             0.00175
                 252,            0.045603,            0.044994,                   0,             0.65512,             0.46424,             0.49918,             0.22682,            0.061465,            0.067831,                   0,            0.001717,            0.001717,            0.001717
                 253,            0.046257,            0.044846,                   0,             0.66719,             0.45163,             0.49152,             0.22275,            0.061538,            0.067897,                   0,            0.001684,            0.001684,            0.001684
                 254,            0.045296,             0.04507,                   0,             0.65986,             0.45526,             0.49172,             0.22256,            0.061862,            0.067428,                   0,            0.001651,            0.001651,            0.001651
                 255,            0.045399,             0.04347,                   0,             0.65845,             0.46002,              0.4954,             0.22557,            0.061411,            0.067676,                   0,            0.001618,            0.001618,            0.001618
                 256,            0.045894,              0.0434,                   0,             0.65948,             0.46139,             0.49691,             0.22696,            0.061426,            0.068004,                   0,            0.001585,            0.001585,            0.001585
                 257,            0.045222,            0.044659,                   0,             0.68476,              0.4543,             0.49909,             0.22975,            0.061043,            0.068204,                   0,            0.001552,            0.001552,            0.001552
                 258,            0.045836,            0.044023,                   0,             0.66396,             0.45889,             0.49478,             0.22708,            0.061206,            0.067366,                   0,            0.001519,            0.001519,            0.001519
                 259,            0.045532,            0.044277,                   0,             0.66813,             0.45468,             0.49453,             0.22698,            0.061159,            0.067839,                   0,            0.001486,            0.001486,            0.001486
                 260,             0.04536,            0.044047,                   0,             0.67814,             0.45048,             0.49539,             0.22583,            0.061151,            0.067947,                   0,            0.001453,            0.001453,            0.001453
                 261,            0.045512,            0.043955,                   0,             0.64777,             0.46673,             0.49289,             0.22389,             0.06142,            0.068051,                   0,             0.00142,             0.00142,             0.00142
                 262,            0.045452,            0.044403,                   0,             0.66987,              0.4566,             0.49398,             0.22553,            0.061185,            0.067923,                   0,            0.001387,            0.001387,            0.001387
                 263,            0.045765,            0.044177,                   0,             0.64357,             0.47285,              0.4981,             0.22741,            0.061327,            0.067606,                   0,            0.001354,            0.001354,            0.001354
                 264,            0.044681,            0.043262,                   0,             0.65601,             0.45982,              0.4961,             0.22599,            0.061454,            0.067668,                   0,            0.001321,            0.001321,            0.001321
                 265,            0.045761,            0.043349,                   0,             0.65628,               0.464,             0.49637,              0.2283,            0.061177,            0.068237,                   0,            0.001288,            0.001288,            0.001288
                 266,            0.045345,            0.044044,                   0,             0.65184,             0.46424,             0.49404,              0.2279,            0.061246,            0.068037,                   0,            0.001255,            0.001255,            0.001255
                 267,            0.045296,            0.045877,                   0,             0.66931,             0.45545,             0.49026,              0.2231,            0.061945,            0.068163,                   0,            0.001222,            0.001222,            0.001222
                 268,            0.044776,            0.044357,                   0,             0.68873,             0.45352,             0.49488,             0.22622,            0.061546,            0.068076,                   0,            0.001189,            0.001189,            0.001189
                 269,            0.045312,             0.04334,                   0,             0.69233,             0.45105,              0.4958,             0.22773,            0.061306,            0.068067,                   0,            0.001156,            0.001156,            0.001156
                 270,            0.044761,            0.043886,                   0,             0.65452,             0.46941,             0.49393,             0.22592,            0.061434,             0.06794,                   0,            0.001123,            0.001123,            0.001123
                 271,            0.045001,            0.044209,                   0,             0.66746,             0.46042,             0.49667,             0.22847,             0.06102,             0.06829,                   0,             0.00109,             0.00109,             0.00109
                 272,            0.045401,            0.043343,                   0,             0.67905,             0.45315,             0.49107,             0.22501,            0.061362,            0.068302,                   0,            0.001057,            0.001057,            0.001057
                 273,            0.044071,            0.043628,                   0,             0.65591,              0.4652,             0.49253,             0.22589,            0.061273,            0.068622,                   0,            0.001024,            0.001024,            0.001024
                 274,            0.044242,            0.044221,                   0,             0.65931,             0.46401,             0.49779,             0.22394,            0.061621,            0.068152,                   0,            0.000991,            0.000991,            0.000991
                 275,            0.044145,            0.043831,                   0,             0.66525,             0.46023,             0.49757,             0.22739,            0.061349,            0.068255,                   0,            0.000958,            0.000958,            0.000958
                 276,            0.044364,            0.043791,                   0,             0.68755,             0.44818,             0.49549,             0.22493,            0.061502,              0.0686,                   0,            0.000925,            0.000925,            0.000925
                 277,            0.044908,            0.044432,                   0,             0.68862,              0.4501,             0.49382,             0.22547,            0.061828,            0.068185,                   0,            0.000892,            0.000892,            0.000892
                 278,            0.045464,            0.045263,                   0,             0.69251,             0.44379,             0.49401,             0.22427,            0.061461,            0.068389,                   0,            0.000859,            0.000859,            0.000859
                 279,            0.044784,            0.043444,                   0,             0.66592,             0.45411,             0.49405,             0.22703,            0.061434,            0.068132,                   0,            0.000826,            0.000826,            0.000826
                 280,            0.044815,            0.044392,                   0,             0.71564,             0.43633,             0.49722,             0.22881,              0.0614,            0.068331,                   0,            0.000793,            0.000793,            0.000793
                 281,            0.044717,            0.043803,                   0,             0.66948,             0.46233,             0.49741,             0.22789,            0.061368,            0.068293,                   0,             0.00076,             0.00076,             0.00076
                 282,             0.04423,            0.042761,                   0,             0.66717,             0.46023,             0.49591,             0.22682,            0.061488,             0.06836,                   0,            0.000727,            0.000727,            0.000727
                 283,            0.043872,            0.042471,                   0,             0.66988,             0.45755,             0.49287,             0.22488,            0.061564,            0.068537,                   0,            0.000694,            0.000694,            0.000694
